商品名,定価,還元後価格,海峡通信比較用還元後価格(+100)
iPhone 16 Pro Max 256GB,,0,
iPhone 15 Pro Max 512GB,,0,
iPhone 15 Pro 256GB,,0,
iPhone 15 128GB,,0,
Redmi 12 5G 4G+128G Midnight Black SoftBank,,0,
Xiaomi Redmi 12 5G XIG03 スカイブルー,,0,
Libero Flip A304ZT Y!mobile [ゴールド],,0,
iPad （10.2）第9世代 Wi-Fi MK2K3J/A,,0,
iPhone 16 Pro Max 256GB,,0,
iPhone 16 Pro Max 512GB,,0,
iPhone 16 Pro Max 512GB,,0,
iPhone 16 Pro Max 1TB,,0,
iPhone 16 Pro Max 1TB,,0,
iPhone 16 Pro 128GB,,0,
iPhone 16 Pro 128GB,,0,
iPhone 16 Pro 256GB,,0,
iPhone 16 Pro 256GB,,0,
iPhone 16 Pro 512GB,,0,
iPhone 16 Pro 512GB,,0,
iPhone 16 Pro 1TB,,0,
ASUS Zenfone 10 256GB SIMフリー [コメットホワイト],,0,
ASUS Zenfone 10 16GB/512GB SIMフリー [ミッドナイトブラック],,0,
moto g24 SIMフリー [マットチャコール],,0,
moto g24 SIMフリー [アイスグリーン],,0,
Galaxy M23 5G [ライトブルー] SIMフリー,,0,
Galaxy M23 5G [ディープグリーン] SIMフリー,,0,
Galaxy S24 SM-S921Q 8G+512G SIMフリー [オニキス ブラック],,0,
Galaxy S24 Ultra SM-S928Q 12G+256G SIMフリー [チタニウム ブラック],,0,
Galaxy S24 Ultra SM-S928Q 12G+256G SIMフリー [チタニウム バイオレット],,0,
Galaxy S24 Ultra SM-S928Q 12G+256G SIMフリー [チタニウム グレー],,0,
Galaxy S24 Ultra SM-S928Q 12G+512G SIMフリー [チタニウム ブラック],,0,
Galaxy S24 Ultra SM-S928Q 12G+1TB SIMフリー [チタニウム ブラック],,0,
Galaxy Z Fold6 256GB SIMフリー [シルバー シャドウ],,0,
Galaxy Z Fold6 256GB SM-F956Q SIMフリー [ネイビー],,0,
Galaxy Z Fold6 256GB SIMフリー [クラフテッド ブラック],,0,
Redmi 12 5G 4G+128G Sky Blue SoftBank,,0,
Xperia 10 IV A202SO ミント,,0,
Xperia 10 IV A202SO ホワイト,,0,
Xperia 10 IV A202SO ブラック,,0,
SONY Xperia 5 IV A204SO [エクリュホワイト] SoftBank,,0,
SONY Xperia 5 IV A204SO [ブラック] SoftBank,,0,
AQUOS sense7 plus A208SH ブラック SoftBank,,0,
AQUOS sense7 plus A208SH シルバー SoftBank,,0,
AQUOS sense7 plus A208SH ディープカッパー SoftBank,,0,
OPPO A55s 5G A102OP ブラック,,0,
OPPO A55s 5G A102OP グリーン,,0,
OPPO Reno10 Pro 5G Softbank [グロッシーパープル],,0,
OPPO Reno10 Pro 5G SoftBank [シルバーグレー],,0,
あんしんファミリースマホ A303ZT ブラック Softbank,,0,
あんしんファミリースマホ A303ZT ホワイト Softbank,,0,
あんしんファミリースマホ A303ZT ラベンダー Softbank,,0,
OPPO Reno7 A スターリーブラック,,0,
OPPO Reno7 A ドリームブルー,,0,
Xperia Ace III グレー SOG08,,0,
Xperia Ace III ブルー SOG08,,0,
Xperia 10 IV ミント SOG07,,0,
Xperia 10 IV ラベンダー SOG07,,0,
Xperia 10 IV ブラック SOG07,,0,
Xperia 10 IV SOG07 ホワイト,,0,
Galaxy A54 5G SCG21 オーサムバイオレット AU,,0,
Galaxy A54 5G SCG21 オーサムグラファイト AU,,0,
Galaxy S22 [ピンクゴールド] SCG13,,0,
Galaxy S22 [ファントムホワイト] SCG13,,0,
Galaxy S22 [ファントムブラック] SCG13,,0,
SAMSUNG Galaxy 5G Mobile Wi-Fi SCR01 [ホワイト],,0,
Galaxy S22 SCG13SJA ファントムブラック,,0,
Galaxy S22 SCG13SQA ピンクゴールド,,0,
Galaxy S22 SCG13SMA ファントムホワイト,,0,
Galaxy S23 FE SCG24 au [グラファイト],,0,
Galaxy S23 FE SCG24 au [クリーム],,0,
Galaxy S23 FE SCG24 au [ミント],,0,
arrows We2 FCG02 au [ライトオレンジ],,0,
arrows We2 FCG02 au [ネイビーグリーン],,0,
arrows We2 FCG02 au [ライトブルー],,0,
Xiaomi Redmi 12 5G XIG03 ポーラーシルバー,,0,
Redmi Note 10 JE グラファイトグレー XIG02,,0,
Redmi Note 10 JE クロームシルバー XIG02,,0,
Xiaomi 13T XIG04 au [メドウグリーン],,0,
Xiaomi 13T XIG04 au [ブラック],,0,
Redmi Note 13 Pro 5G XIG05 [オーロラパープル] 256GB,,0,
Xperia Ace III ブラック SO-53C,,0,
Xperia Ace III [グレー] SO-53C,,0,
Xperia Ace III [ブリックオレンジ] SO-53C,,0,
Xperia 10 IV ブラック SO-52C,,0,
Xperia 10 IV ホワイト SO-52C,,0,
Xperia 10 IV ラベンダー SO-52C,,0,
Xperia 10 IV ミント SO-52C,,0,
Xperia Ace II ブルー SO-41B,,0,
Xperia Ace II ブラック SO-41B,,0,
Xperia Ace II ホワイト SO-41B,,0,
Galaxy A54 5G SC-53D オーサムグラファイト docomo,,0,
Galaxy A53 5G オーサムブラック SC-53C,,0,
Galaxy A53 5G オーサムホワイト SC-53C,,0,
Galaxy A53 5G オーサムブルー SC-53C,,0,
Galaxy S23 SC-51D ラベンダー docomo,,0,
Galaxy S23 SC-51D クリーム docomo,,0,
Galaxy S23 SC-51D ファントムブラック docomo,,0,
Galaxy S22 [ファントムホワイト] SC-51C,,0,
Galaxy S22 [ピンクゴールド] SC-51C,,0,
Galaxy S22 [ファントムブラック] SC-51C,,0,
Galaxy A23 5G SC-56C [ブラック],,0,
Galaxy A22 5G ブラック SC-56B,,0,
Galaxy A22 5G ホワイト SC-56B,,0,
Galaxy A22 5G レット SC-56B,,0,
AQUOS wish4 SH-52E ブラック docomo,,0,
AQUOS wish4 SH-52E ホワイト docomo,,0,
AQUOS wish4 SH-52E ブルー docomo,,0,
AQUOS wish2 [チャコール] SH-51C,,0,
AQUOS wish2 [ブルー] SH-51C,,0,
AQUOS wish2 [コーラル] SH-51C,,0,
AQUOS wish2 [ホワイト] SH-51C,,0,
SHARP AQUOS wish3 SH-53D [グリーン],,0,
SHARP AQUOS wish3 SH-53D [ブラック],,0,
SHARP AQUOS wish3 SH-53D [ホワイト],,0,
arrows We F-51B [パープル],,0,
arrows We F-51B [ネイビー],,0,
arrows We F-51B [ホワイト],,0,
arrows We2 F-52E docomo [ライトオレンジ],,0,
arrows We2 F-52E docomo [ネイビーグリーン],,0,
arrows We2 F-52E docomo [ライトブルー],,0,
arrows We2 Plus F-51E docomo [シャンパンシルバー],,0,
arrows We2 Plus F-51E docomo [スレートグレイ],,0,
DIGNO ケータイ KY-42C docomo ブラック,,0,
OPPO Reno7 A ドリームブルー 楽天モバイル,,0,
OPPO Reno7 A スターリーブラック 楽天モバイル,,0,
OPPO A55s 5G [グリーン]/[ブラック] 楽天モバイル,,0,
AQUOS sense6s SH-RM19s 楽天 [ライトカッパー],,0,
AQUOS sense6s SH-RM19s 楽天 [ブラック],,0,
AQUOS sense6s SH-RM19s 楽天 [シルバー],,0,
AQUOS sense6 SH-RM19 シルバー 楽天,,0,
AQUOS sense6 SH-RM19 ブラック 楽天,,0,
AQUOS sense6 SH-RM19 ライトカバー 楽天,,0,
AQUOS wish3 SH-M25 楽天モバイル [グリーン],,0,
Xperia 10 IV XQ-CC44 ミント 楽天版,,0,
Xperia 10 IV XQ-CC44 ラベンダー 楽天版,,0,
Rakuten Hand 5G P780 ブラック,,0,
Rakuten Hand 5G P780 ホワイト,,0,
Rakuten Hand 5G P780 クリムゾンレッド,,0,
OPPO A3 5G 4GB+128GB Y!mobile [ブラック],,0,
OPPO Reno11 A ダークグリーン Y!mobile,,0,
OPPO Reno11 A コーラルパープル Y!mobile,,0,
OPPO A79 5G ワイモバイル [ミステリーブラック],,0,
OPPO A79 5G ワイモバイル [グローグリーン],,0,
OPPO Reno9 A ムーンホワイト Y!mobile,,0,
OPPO Reno9 A ナイトブラック Y!mobile,,0,
AQUOS wish3 A302SH グリーン Softbank,,0,
Xperia Ace III A203SO [ブリックオレンジ] Y!Mobile,,0,
Xperia Ace III A203SO [ブラック] Y!Mobile,,0,
Xperia Ace III A203SO [ブルー] Y!Mobile,,0,
Libero 5G IV A302ZT [ブルー] Y!mobile,,0,
Libero 5G IV A302ZT [ホワイト] Y!mobile,,0,
Libero 5G IV A302ZT [ブラック] Y!mobile,,0,
Libero Flip A304ZT Y!mobile [ホワイト],,0,
Motorola g53y 5G インクブラック Y!mobile,,0,
Motorola g53y 5G アークティックシルバー Y!mobile,,0,
Motorola g53y 5G ペールピンク Y!mobile,,0,
moto g64y 5G 4GB+128GB Y!mobile [スペースブラック],,0,
moto g64y 5G 4GB+128GB Y!mobile [シルバーブルー],,0,
moto g64y 5G 4GB+128GB Y!mobile [バニラクリーム],,0,
OPPO Reno7 A ドリームブルー UQモバイル,,0,
OPPO Reno7 A スターリーブラック UQモバイル,,0,
SAMSUNG Galaxy 5G Mobile Wi-Fi SCR01SWA [ホワイト],,0,
Xperia Ace III SOG08 グレー UQ,,0,
Xperia Ace III SOG08 ブル－ UQ,,0,
iPad Air 11インチ Wi-Fi 128GB 第6世代 MUWC3J/A スペースグレイ,,0,
iPad Air 11インチ Wi-Fi 128GB 第6世代 MUWE3J/A スターライト,,0,
iPad Pro 11インチ Wi-Fi 256GB MVV93J/A シルバー,,0,
iPad Pro 11インチ Wi-Fi 256GB MVV83J/A スペースブラック,,0,
iPad Pro 11インチ Wi-Fi 512GB MVVD3J/A シルバー,,0,
iPad Pro 11インチ Wi-Fi 512GB MVVC3J/A スペースブラック,,0,
iPad Pro 13インチ Wi-Fi 256GB MVX23J/A スペースブラック,,0,
iPad Pro 13インチ Wi-Fi 256GB MVX33J/A シルバー,,0,
iPad （10.2）第9世代 Wi-Fi MK2L3J/A,,0,
iPad 9th (10.2) 第9世代 WiFi+Cellular MK473J/A 64GB,,0,
iPad （10.2）第9世代 Wi-Fi MK2P3J/A 256GB,,0,
iPad （10.2） 第9世代 Wi-Fi MK2N3J/A 256GB,,0,
iPad 10.9インチ 第10世代 Wi-Fi 64GB MPQ03J/A [シルバー],,0,
iPad 10.9インチ 第10世代 Wi-Fi 64GB MPQ13J/A [ブルー],,0,
iPad Air 10.9インチ 第5世代 Wi-Fi MM9C3J/A [スペースグレイ] 64GB,,0,
iPad Air 10.9インチ 第5世代 Wi-Fi MM9D3J/A 64GB,,0,
iPad Air 10.9インチ 第5世代 Wi-Fi MM9E3J/A 64GB,,0,
iPad Pro 11インチ 第4世代 128GB Wi-Fi MNXE3J/A [シルバー],,0,
iPad Pro 11インチ 第4世代 128GB Wi-Fi MNXD3J/A [スペースグレイ],,0,
iPad Pro 11インチ 第4世代 256GB Wi-Fi MNXG3J/A [シルバー],,0,
iPad Pro 12.9インチ 第6世代 128GB Wi-Fi MNXQ3J/A [シルバー],,0,
iPad Pro 12.9インチ 第6世代 256GB Wi-Fi MNXR3J/A [スペースグレイ],,0,
新型Apple Pencil MU8F2J/A,,0,
旧型Apple Pencil MK0C2J/A,,0,
Apple Pencil 第1世代 MQLY3J/A,,0,
Apple Pencil Pro MX2D3ZA/A,,0,
Apple AirTag 巳年 MDH54J/A,,0,
iPhone SE3 256GB,,0,
iPhone SE3 256GB,,0,
OPPO Find X8 16GB+512GB SIMフリー [スペースブラック],,0,
OPPO Find X8 16GB+512GB SIMフリー [スターグレー],,0,
OPPO Find X3 Pro 128GB グロスブラック,,0,
OPPO Find X3 Pro 128GB ホワイト,,0,
Xiaomi 14T Pro 12G+256G SIMフリー [チタングレー],,0,
Xiaomi 14T Pro 12G+256G SIMフリー [チタンブラック],,0,
Xiaomi 14T Pro 12G+256G SIMフリー [チタンブルー],,0,
Redmi Note 13 Pro+ 5G SIMフリー [ミッドナイトブラック],,0,
Redmi Note 13 Pro+ 5G SIMフリー [ムーンライトホワイト],,0,
Redmi Note 13 Pro+ 5G [オーロラパープル] SIMフリー,,0,
Redmi Note 13 Pro+ 5G SIMフリー [ミッドナイトブラック],,0,
Redmi Note 13 Pro+ 5G [ムーンライトホワイト] SIMフリー,,0,
Redmi Note 13 Pro+ 5G [オーロラパープル] SIMフリー,,0,
Xiaomi 13T Pro SIMフリー [ブラック],,0,
Xiaomi 13T Pro SIMフリー [アルパインブルー],,0,
Xiaomi 13T Pro SIMフリー [メドウグリーン],,0,
Xiaomi Redmi 12 5G 8G+256G ミッドナイトブラック,,0,
Xiaomi Redmi 12 5G 8G+256G ポーラーシルバー,,0,
Xiaomi Redmi 12 5G 8G+256G スカイブルー,,0,
Redmi 12C 4G+128GB SIMフリー [グラファイトグレー],,0,
Redmi 12C 4G+128GB SIMフリー [ラベンダーパープル],,0,
Redmi 12C 4G+128GB SIMフリー [ミントグリーン],,0,
Redmi 12C 3G+64GB SIMフリー [グラファイトグレー],,0,
Redmi 12C 3G+64GB SIMフリー [ミントグリーン],,0,
Xiaomi 12T Pro 8G+128G [ブルー],,0,
Xiaomi 12T Pro 8G+128G [ブラック],,0,
Redmi Note 11 Pro 5G 楽天モバイル [ポーラーホワイト],,0,
AQUOS sense6 64GB シルバー SH-M19,,0,
AQUOS sense6 64GB ブラック SH-M19,,0,
AQUOS sense6 64GB ライトカッパー SH-M19,,0,
AQUOS sense6 SH-M19 64GB ブラック MINEO版,,0,
AQUOS sense6 128GB シルバーSH-M19,,0,
AQUOS sense6 128GB ブラック SH-M19,,0,
AQUOS sense6 128GB ライトカッパー SH-M19,,0,
SHARP AQUOS R6 ブラック SH-M22,,0,
AQUOS sense6s SHG07[64GB] ブラック JCOM,,0,
AQUOS R8 SH-R80 クリーム SIMフリー,,0,
AQUOS R8 SH-R80 ブルー SIMフリー,,0,
AQUOS R8 pro SH-R80P ブラック SIMフリー,,0,
AQUOS R9 SIMフリー [グリーン],,0,
AQUOS R9 SIMフリー [ホワイト],,0,
AQUOS sense9 SH-M29 256GB SIMフリー [グレージュ],,0,
AQUOS sense9 SH-M29 256GB SIMフリー [コーラル],,0,
AQUOS sense9 SH-M29 256GB SIMフリー [ブラック],,0,
AQUOS sense9 SH-M29 256GB SIMフリー [ホワイト],,0,
AQUOS sense9 SH-M29 128GB SIMフリー [コーラル],,0,
AQUOS sense9 SH-M29 128GB SIMフリー [ブラック],,0,
AQUOS sense9 SH-M29 128GB SIMフリー [ホワイト],,0,
AQUOS sense9 SH-M29 128GB SIMフリー [ブルー],,0,
ASUS Zenfone 10 256GB SIMフリー [ミッドナイトブラック],,0,
ASUS Zenfone 10 256GB SIMフリー [オーロラグリーン],,0,
ASUS Zenfone 10 256GB SIMフリー [スターリーブルー],,0,
ASUS Zenfone 10 256GB SIMフリー [エクリプスレッド],,0,
ASUS Zenfone 10 16GB/512GB SIMフリー [スターリーブルー],,0,
ASUS Zenfone 11 Ultra,,0,